{
  "version": 1,
  "author": "Avriza Aziz",
  "editor": "wokwi",
  "parts": [
    { "type": "wokwi-arduino-uno", "id": "uno", "top": 0, "left": 0, "attrs": {} },
    { "type": "wokwi-potentiometer", "id": "pot1", "top": -154.9, "left": 105.4, "attrs": {} },
    {
      "type": "wokwi-led",
      "id": "led1",
      "top": -109.2,
      "left": 234.2,
      "attrs": { "color": "red" }
    },
    {
      "type": "wokwi-resistor",
      "id": "r1",
      "top": -53.65,
      "left": 163.2,
      "attrs": { "value": "220" }
    }
  ],
  "connections": [
    [ "pot1:GND", "uno:GND.2", "black", [ "v57.6", "h-163.2", "v249.6", "h201.6" ] ],
    [ "pot1:VCC", "uno:5V", "red", [ "v57.6", "h162.4", "v278.4", "h-19.2" ] ],
    [ "led1:A", "uno:2", "red", [ "v48", "h-19.2" ] ],
    [ "led1:C", "r1:2", "green", [ "v0" ] ],
    [ "r1:1", "uno:GND.1", "green", [ "v0", "h-48" ] ],
    [ "pot1:SIG", "uno:A0", "green", [ "v76.8", "h153.2", "v230.4", "h-19.2" ] ]
  ],
  "dependencies": {}
}