{
  "version": 1,
  "author": "Faizal Rizky Imammudin",
  "editor": "wokwi",
  "parts": [
    { "type": "wokwi-arduino-uno", "id": "uno", "top": 0, "left": 0, "attrs": {} },
    {
      "type": "wokwi-7segment",
      "id": "sevseg1",
      "top": -340.62,
      "left": -311.72,
      "attrs": { "digits": "1", "colon": "", "common": "cathode" }
    },
    {
      "type": "wokwi-led",
      "id": "led1",
      "top": -205.2,
      "left": 320.6,
      "attrs": { "color": "red" }
    },
    {
      "type": "wokwi-led",
      "id": "led2",
      "top": -138,
      "left": 320.6,
      "attrs": { "color": "yellow" }
    },
    {
      "type": "wokwi-led",
      "id": "led3",
      "top": -61.2,
      "left": 320.6,
      "attrs": { "color": "limegreen" }
    },
    {
      "type": "wokwi-resistor",
      "id": "r1",
      "top": 120,
      "left": -115.75,
      "rotate": 90,
      "attrs": { "value": "220" }
    },
    {
      "type": "wokwi-resistor",
      "id": "r2",
      "top": 91.2,
      "left": -317.35,
      "rotate": 90,
      "attrs": { "value": "220" }
    },
    {
      "type": "wokwi-resistor",
      "id": "r3",
      "top": -284.05,
      "left": 19.2,
      "attrs": { "value": "220" }
    },
    {
      "type": "wokwi-resistor",
      "id": "r4",
      "top": -312.85,
      "left": 19.2,
      "attrs": { "value": "220" }
    },
    {
      "type": "wokwi-resistor",
      "id": "r5",
      "top": -120.85,
      "left": 19.2,
      "attrs": { "value": "220" }
    },
    {
      "type": "wokwi-resistor",
      "id": "r6",
      "top": -92.05,
      "left": 19.2,
      "attrs": { "value": "220" }
    },
    {
      "type": "wokwi-resistor",
      "id": "r7",
      "top": -63.25,
      "left": 19.2,
      "attrs": { "value": "220" }
    },
    {
      "type": "wokwi-resistor",
      "id": "r8",
      "top": -34.45,
      "left": 19.2,
      "attrs": { "value": "220" }
    },
    {
      "type": "wokwi-resistor",
      "id": "r9",
      "top": -149.65,
      "left": 19.2,
      "attrs": { "value": "220" }
    },
    {
      "type": "wokwi-resistor",
      "id": "r10",
      "top": 13.55,
      "left": 288,
      "attrs": { "value": "220" }
    },
    {
      "type": "wokwi-resistor",
      "id": "r11",
      "top": -140.05,
      "left": 249.6,
      "attrs": { "value": "220" }
    },
    {
      "type": "wokwi-resistor",
      "id": "r12",
      "top": -72.85,
      "left": 220.8,
      "attrs": { "value": "220" }
    },
    {
      "type": "wokwi-7segment",
      "id": "sevseg2",
      "top": -340.62,
      "left": -110.12,
      "attrs": { "common": "cathode" }
    },
    {
      "type": "wokwi-resistor",
      "id": "r13",
      "top": -197.65,
      "left": -220.8,
      "rotate": 90,
      "attrs": { "value": "220" }
    },
    {
      "type": "wokwi-resistor",
      "id": "r15",
      "top": -196.8,
      "left": -259.75,
      "rotate": 90,
      "attrs": { "value": "220" }
    },
    {
      "type": "wokwi-resistor",
      "id": "r16",
      "top": -196.8,
      "left": -182.95,
      "rotate": 90,
      "attrs": { "value": "220" }
    },
    {
      "type": "wokwi-resistor",
      "id": "r17",
      "top": -196.8,
      "left": -240.55,
      "rotate": 90,
      "attrs": { "value": "220" }
    },
    {
      "type": "wokwi-resistor",
      "id": "r18",
      "top": -196.8,
      "left": -163.75,
      "rotate": 90,
      "attrs": { "value": "220" }
    },
    {
      "type": "wokwi-resistor",
      "id": "r19",
      "top": -312.85,
      "left": -67.2,
      "rotate": 90,
      "attrs": { "value": "220" }
    },
    {
      "type": "wokwi-resistor",
      "id": "r20",
      "top": -196.8,
      "left": -202.15,
      "rotate": 90,
      "attrs": { "value": "220" }
    },
    {
      "type": "wokwi-pushbutton",
      "id": "btn1",
      "top": 159.8,
      "left": -412.8,
      "attrs": { "color": "green" }
    },
    {
      "type": "wokwi-resistor",
      "id": "r14",
      "top": 283.2,
      "left": -470.95,
      "rotate": 90,
      "attrs": { "value": "10000" }
    },
    {
      "type": "wokwi-resistor",
      "id": "r21",
      "top": 272.75,
      "left": -384,
      "attrs": { "value": "10000" }
    }
  ],
  "connections": [
    [ "uno:GND.1", "led3:C", "black", [ "v0" ] ],
    [ "uno:GND.1", "led2:C", "black", [ "v0" ] ],
    [ "uno:GND.1", "led1:C", "black", [ "v0" ] ],
    [ "sevseg1:DIG1", "r1:1", "green", [ "v-9.6", "h-134.4" ] ],
    [ "sevseg1:DIG2", "r2:1", "green", [ "v-19.2", "h-86.4" ] ],
    [ "sevseg1:B", "r3:1", "green", [ "v-38.4", "h28.8" ] ],
    [ "r4:2", "uno:5", "green", [ "v0", "h114" ] ],
    [ "r3:2", "uno:6", "green", [ "v0", "h104.4" ] ],
    [ "sevseg1:C", "r9:1", "green", [ "v0" ] ],
    [ "sevseg1:D", "r5:1", "green", [ "v0" ] ],
    [ "sevseg1:E", "r6:1", "green", [ "v0" ] ],
    [ "r9:2", "uno:7", "green", [ "v0", "h94.8" ] ],
    [ "r5:2", "uno:8", "green", [ "v0", "h94.8" ] ],
    [ "r6:2", "uno:9", "green", [ "v0", "h75.6" ] ],
    [ "r7:2", "uno:10", "green", [ "v0", "h56.4" ] ],
    [ "r8:2", "uno:11", "green", [ "v0", "h56.4" ] ],
    [ "led1:A", "r11:2", "green", [ "v0" ] ],
    [ "led2:A", "r12:2", "green", [ "v0" ] ],
    [ "led3:A", "r10:2", "green", [ "v0" ] ],
    [ "r10:1", "uno:4", "green", [ "v-28.8", "h-67.2" ] ],
    [ "r12:1", "uno:3", "green", [ "v28.8", "h19.2" ] ],
    [ "r11:1", "uno:2", "green", [ "v48", "h38.4", "v48", "h-48" ] ],
    [ "r1:1", "sevseg2:COM.1", "green", [ "h0" ] ],
    [ "r2:1", "sevseg1:COM.1", "green", [ "h0" ] ],
    [ "btn1:1.l", "r14:1", "green", [ "h0" ] ],
    [ "btn1:2.l", "r21:1", "green", [ "h0", "v77" ] ],
    [ "uno:GND.3", "r14:2", "black", [ "v0" ] ],
    [ "uno:5V", "r21:2", "red", [ "v0" ] ],
    [ "sevseg1:A", "r4:1", "green", [ "v-104.76", "h278.4", "v134.4" ] ],
    [ "sevseg1:F", "r7:1", "green", [ "v-18.36", "h0", "v-57.6", "h288", "v355.2" ] ],
    [ "sevseg1:G", "r8:1", "green", [ "v-18.36", "h-19.2", "v316.8" ] ],
    [ "sevseg2:A", "r19:1", "green", [ "v-18.36", "h38.4" ] ],
    [ "r19:2", "uno:12", "green", [ "h-0.55", "v66.85", "h172.8" ] ],
    [ "sevseg2:B", "r18:1", "green", [ "v-18.36", "h-76.8" ] ],
    [ "sevseg2:C", "r16:1", "green", [ "v28.8", "h-86.4" ] ],
    [ "sevseg2:D", "r20:1", "green", [ "v19.2", "h-76.8", "v19.2" ] ],
    [ "sevseg2:E", "r13:1", "green", [ "v9.6", "h-86.4" ] ],
    [ "sevseg2:F", "r17:1", "green", [ "v-8.76", "h-76.8" ] ],
    [ "sevseg2:G", "r15:1", "green", [ "v0.84", "h-124.8" ] ],
    [ "r18:2", "uno:A0", "green", [ "h0", "v382.8", "h336" ] ],
    [ "r16:2", "uno:A1", "green", [ "h0", "v392.4", "h374.4" ] ],
    [ "r20:2", "uno:A2", "green", [ "h0", "v402", "h393.6" ] ],
    [ "r13:2", "uno:A3", "green", [ "h-0.55", "v412.45", "h432" ] ],
    [ "r17:2", "uno:A4", "green", [ "h0", "v421.2", "h460.8" ] ],
    [ "r15:2", "uno:A5", "green", [ "h0", "v430.8", "h480" ] ],
    [ "uno:GND.2", "r2:2", "black", [ "v106.1", "h-467.1" ] ],
    [ "uno:GND.3", "r1:2", "black", [ "v10.1", "h-265.4" ] ],
    [ "btn1:1.r", "uno:13", "green", [ "v-172.8", "h0.2", "v-9.6", "h470.4" ] ]
  ],
  "dependencies": {}
}