{
  "version": 1,
  "author": "Avriza Aziz",
  "editor": "wokwi",
  "parts": [
    { "type": "wokwi-arduino-uno", "id": "uno", "top": 0, "left": 0, "attrs": {} },
    { "type": "wokwi-potentiometer", "id": "pot1", "top": 75.5, "left": 335.8, "attrs": {} },
    { "type": "wokwi-servo", "id": "servo1", "top": -136.4, "left": 230.4, "attrs": {} }
  ],
  "connections": [
    [ "pot1:GND", "uno:GND.2", "black", [ "v67.2", "h-182.4" ] ],
    [ "pot1:SIG", "uno:A0", "green", [ "v86.4", "h-163.6" ] ],
    [ "pot1:VCC", "uno:5V", "red", [ "v115.2", "h-231.2" ] ],
    [ "servo1:PWM", "uno:9", "green", [ "h0" ] ],
    [ "servo1:V+", "uno:GND.1", "black", [ "h-76.8", "v0.1", "h-19.2" ] ],
    [ "servo1:GND", "uno:3.3V", "red", [ "h-240", "v345.6", "h172.8" ] ]
  ],
  "dependencies": {}
}