{
  "version": 1,
  "author": "Avriza Aziz",
  "editor": "wokwi",
  "parts": [
    { "type": "wokwi-arduino-uno", "id": "uno", "top": 0, "left": 0, "attrs": {} },
    { "type": "wokwi-potentiometer", "id": "pot1", "top": 17.9, "left": -125, "attrs": {} },
    {
      "type": "wokwi-resistor",
      "id": "r1",
      "top": 158.4,
      "left": -96.55,
      "rotate": 90,
      "attrs": { "value": "220" }
    }
  ],
  "connections": [
    [ "pot1:GND", "uno:GND.2", "black", [ "v153.6", "h268.8" ] ],
    [ "pot1:SIG", "uno:A1", "green", [ "v172.8", "h316.4" ] ],
    [ "pot1:VCC", "r1:1", "red", [ "v0" ] ],
    [ "r1:2", "uno:5V", "red", [ "h0", "v18", "h230.4" ] ]
  ],
  "dependencies": {}
}