{
  "version": 1,
  "author": "Avriza Aziz",
  "editor": "wokwi",
  "parts": [
    { "type": "wokwi-arduino-uno", "id": "uno", "top": 0, "left": 0, "attrs": {} },
    {
      "type": "wokwi-led",
      "id": "led1",
      "top": -128.4,
      "left": 61.4,
      "attrs": { "color": "red" }
    },
    {
      "type": "wokwi-led",
      "id": "led2",
      "top": -128.4,
      "left": 128.6,
      "attrs": { "color": "yellow" }
    },
    {
      "type": "wokwi-led",
      "id": "led3",
      "top": -128.4,
      "left": 195.8,
      "attrs": { "color": "limegreen" }
    }
  ],
  "connections": [
    [ "led2:A", "uno:9", "gold", [ "v0", "h9.6" ] ],
    [ "led3:A", "uno:10", "green", [ "v28.8", "h-67.2" ] ],
    [ "led2:C", "uno:GND.1", "gold", [ "v0", "h-28.4" ] ],
    [ "led3:C", "uno:GND.1", "green", [ "v48", "h-95.6" ] ],
    [ "led1:C", "uno:GND.1", "red", [ "v28.8", "h38.8" ] ],
    [ "led1:A", "uno:8", "red", [ "v19.2", "h86.4" ] ]
  ],
  "dependencies": {}
}