{
  "version": 1,
  "author": "Avriza Aziz",
  "editor": "wokwi",
  "parts": [
    { "type": "wokwi-arduino-uno", "id": "uno", "top": 0.6, "left": -0.6, "attrs": {} },
    { "type": "wokwi-potentiometer", "id": "pot1", "top": -145.3, "left": 67, "attrs": {} }
  ],
  "connections": [
    [ "pot1:GND", "uno:GND.2", "black", [ "v57.6", "h-115.2", "v240", "h192" ] ],
    [ "pot1:VCC", "uno:5V", "red", [ "v48", "h181.6", "v249.6", "h-9.6" ] ],
    [ "pot1:SIG", "uno:A1", "green", [ "v67.2", "h182", "v220.8", "h-71.1" ] ]
  ],
  "dependencies": {}
}