{
  "version": 1,
  "author": "Anonymous maker",
  "editor": "wokwi",
  "parts": [
    { "type": "wokwi-arduino-uno", "id": "uno", "top": 106.2, "left": -96.6, "attrs": {} },
    {
      "type": "wokwi-led",
      "id": "led1",
      "top": -51.6,
      "left": -82.6,
      "attrs": { "color": "blue" }
    },
    {
      "type": "wokwi-led",
      "id": "led2",
      "top": -51.6,
      "left": -53.8,
      "attrs": { "color": "magenta" }
    },
    { "type": "wokwi-led", "id": "led3", "top": -51.6, "left": -25, "attrs": { "color": "cyan" } },
    {
      "type": "wokwi-resistor",
      "id": "r1",
      "top": 24,
      "left": -96.55,
      "rotate": 90,
      "attrs": { "value": "220" }
    },
    {
      "type": "wokwi-resistor",
      "id": "r2",
      "top": 24,
      "left": -67.75,
      "rotate": 90,
      "attrs": { "value": "220" }
    },
    {
      "type": "wokwi-resistor",
      "id": "r3",
      "top": 24,
      "left": -38.95,
      "rotate": 90,
      "attrs": { "value": "220" }
    },
    {
      "type": "wokwi-pushbutton",
      "id": "btn1",
      "top": 15.8,
      "left": 240,
      "attrs": { "color": "green" }
    },
    {
      "type": "wokwi-resistor",
      "id": "r4",
      "top": 42.35,
      "left": 172.8,
      "attrs": { "value": "10000" }
    },
    {
      "type": "wokwi-pushbutton",
      "id": "btn2",
      "top": 6.2,
      "left": -163.2,
      "attrs": { "color": "yellow" }
    },
    {
      "type": "wokwi-resistor",
      "id": "r5",
      "top": 70.6,
      "left": -212.05,
      "rotate": 270,
      "attrs": { "value": "10000" }
    }
  ],
  "connections": [
    [ "led1:C", "r1:1", "green", [ "v0" ] ],
    [ "r2:1", "led2:C", "green", [ "h0" ] ],
    [ "r3:1", "led3:C", "green", [ "h0" ] ],
    [ "uno:GND.1", "r1:2", "black", [ "v0" ] ],
    [ "uno:GND.1", "r2:2", "black", [ "v0" ] ],
    [ "uno:GND.1", "r3:2", "black", [ "v0" ] ],
    [ "uno:2", "led1:A", "blue", [ "v-115.2", "h-197.5" ] ],
    [ "led2:A", "uno:3", "magenta", [ "v9.6", "h163.2" ] ],
    [ "uno:4", "led3:A", "cyan", [ "v-115.2", "h-120.9" ] ],
    [ "btn1:2.l", "r4:2", "green", [ "h0" ] ],
    [ "btn1:1.l", "uno:7", "green", [ "h0" ] ],
    [ "uno:5V", "btn1:2.r", "red", [ "v57.5", "h224.6" ] ],
    [ "r4:1", "uno:GND.1", "green", [ "v0", "h-153.6" ] ],
    [ "r5:2", "btn2:2.l", "green", [ "v0" ] ],
    [ "r5:1", "uno:GND.1", "green", [ "h28.8", "v-28.8", "h211.2" ] ],
    [ "uno:5V", "btn2:2.r", "red", [ "v57.5", "h-178.6", "v-288", "h28.8" ] ],
    [ "uno:8", "btn2:1.l", "green", [ "v-172.8", "h-258.8" ] ]
  ],
  "dependencies": {}
}