{
  "version": 1,
  "author": "NaughtyGoat",
  "editor": "Wokowi",
  "parts": [
    { "type": "wokwi-arduino-uno", "id": "uno", "top": 0, "left": 0, "attrs": {} },
    {
      "type": "wokwi-led",
      "id": "led1",
      "top": -128.4,
      "left": -5.8,
      "attrs": { "color": "red", "flip": "" }
    },
    {
      "type": "wokwi-led",
      "id": "led2",
      "top": -128.4,
      "left": 42.2,
      "attrs": { "color": "yellow" }
    },
    {
      "type": "wokwi-led",
      "id": "led3",
      "top": -128.4,
      "left": 90.2,
      "attrs": { "color": "limegreen" }
    }
  ],
  "connections": [
    [ "led1:A", "uno:8", "red", [ "v9.6", "h66.8" ] ],
    [ "led1:C", "uno:GND.1", "red", [ "v19.2", "h19.2" ] ],
    [ "led2:A", "uno:9", "gold", [ "v38.4", "h9.6" ] ],
    [ "led2:C", "uno:GND.1", "gold", [ "v57.6", "h-9.2" ] ],
    [ "led3:A", "uno:10", "green", [ "v57.6", "h-48.1" ] ],
    [ "led3:C", "uno:GND.1", "green", [ "v76.8", "h-86" ] ]
  ],
  "dependencies": {}
}