{
  "version": 1,
  "author": "Avriza Aziz",
  "editor": "wokwi",
  "parts": [
    { "type": "wokwi-arduino-uno", "id": "uno", "top": 0, "left": 0, "attrs": {} },
    { "type": "wokwi-led", "id": "led1", "top": -186, "left": 42.2, "attrs": { "color": "red" } },
    {
      "type": "wokwi-led",
      "id": "led2",
      "top": -186,
      "left": 119,
      "attrs": { "color": "yellow" }
    },
    {
      "type": "wokwi-led",
      "id": "led3",
      "top": -186,
      "left": 195.8,
      "attrs": { "color": "limegreen" }
    },
    {
      "type": "wokwi-led",
      "id": "led4",
      "top": -10.4,
      "left": -133,
      "rotate": 270,
      "attrs": { "color": "limegreen" }
    },
    {
      "type": "wokwi-led",
      "id": "led5",
      "top": 66.4,
      "left": -133,
      "rotate": 270,
      "attrs": { "color": "yellow" }
    },
    {
      "type": "wokwi-led",
      "id": "led6",
      "top": 133.6,
      "left": -133,
      "rotate": 270,
      "attrs": { "color": "red" }
    },
    {
      "type": "wokwi-led",
      "id": "led7",
      "top": -1.2,
      "left": 390.6,
      "rotate": 90,
      "attrs": { "color": "red" }
    },
    {
      "type": "wokwi-led",
      "id": "led8",
      "top": 75.6,
      "left": 390.6,
      "rotate": 90,
      "attrs": { "color": "yellow" }
    },
    {
      "type": "wokwi-led",
      "id": "led9",
      "top": 152.4,
      "left": 390.6,
      "rotate": 90,
      "attrs": { "color": "limegreen" }
    },
    {
      "type": "wokwi-resistor",
      "id": "r1",
      "top": -92.05,
      "left": 9.6,
      "attrs": { "value": "1000" }
    },
    {
      "type": "wokwi-resistor",
      "id": "r2",
      "top": -92.05,
      "left": 96,
      "attrs": { "value": "1000" }
    },
    {
      "type": "wokwi-resistor",
      "id": "r3",
      "top": -92.05,
      "left": 172.8,
      "attrs": { "value": "1000" }
    },
    {
      "type": "wokwi-resistor",
      "id": "r4",
      "top": -4.8,
      "left": 325.85,
      "rotate": 90,
      "attrs": { "value": "1000" }
    },
    {
      "type": "wokwi-resistor",
      "id": "r5",
      "top": 72,
      "left": 325.85,
      "rotate": 90,
      "attrs": { "value": "1000" }
    },
    {
      "type": "wokwi-resistor",
      "id": "r6",
      "top": 148.8,
      "left": 325.85,
      "rotate": 90,
      "attrs": { "value": "1000" }
    },
    {
      "type": "wokwi-resistor",
      "id": "r7",
      "top": 176.2,
      "left": -96.85,
      "rotate": 270,
      "attrs": { "value": "1000" }
    },
    {
      "type": "wokwi-resistor",
      "id": "r8",
      "top": 109,
      "left": -96.85,
      "rotate": 270,
      "attrs": { "value": "1000" }
    },
    {
      "type": "wokwi-resistor",
      "id": "r9",
      "top": 32.2,
      "left": -96.85,
      "rotate": 270,
      "attrs": { "value": "1000" }
    }
  ],
  "connections": [
    [ "r1:1", "led1:A", "green", [ "v-28.8", "h57.6" ] ],
    [ "r2:1", "led2:A", "green", [ "v-28.8", "h48" ] ],
    [ "r3:1", "led3:A", "green", [ "v-28.8", "h48" ] ],
    [ "r4:1", "led7:A", "green", [ "h28.8", "v57.6" ] ],
    [ "r5:1", "led8:A", "green", [ "h28.8", "v57.6" ] ],
    [ "r6:1", "led9:A", "green", [ "h19.2", "v57.6" ] ],
    [ "r7:1", "led6:A", "green", [ "h-19.2", "v-57.6" ] ],
    [ "r9:1", "led4:A", "green", [ "h-19.2", "v-67.2" ] ],
    [ "r8:1", "led5:A", "green", [ "h-9.6", "v-57.6", "h-19.2" ] ],
    [ "led6:C", "led5:C", "green", [ "h0" ] ],
    [ "led5:C", "led4:C", "green", [ "h0" ] ],
    [ "led4:C", "led1:C", "green", [ "h0", "v-154", "h0", "v-9.6" ] ],
    [ "led1:C", "led2:C", "green", [ "v0" ] ],
    [ "led2:C", "led3:C", "green", [ "v0" ] ],
    [ "led3:C", "led7:C", "green", [ "v0", "h144.4" ] ],
    [ "led7:C", "led8:C", "green", [ "h0" ] ],
    [ "led8:C", "led9:C", "green", [ "h0" ] ],
    [ "led9:C", "uno:GND.3", "green", [ "h0", "v67.6", "h-211.2" ] ],
    [ "r1:2", "uno:13", "green", [ "v9.6", "h56.4" ] ],
    [ "r2:2", "uno:12", "green", [ "v9.6", "h-20.4" ] ],
    [ "r3:2", "uno:11", "green", [ "v19.2", "h-87.6" ] ],
    [ "r4:2", "uno:10", "green", [ "h-28.8", "v-87.6", "h-172.8" ] ],
    [ "r5:2", "uno:9", "green", [ "h-38.4", "v-154.8", "h-153.6" ] ],
    [ "r6:2", "uno:8", "green", [ "h-48", "v-222", "h-134.4" ] ],
    [ "r7:2", "uno:7", "green", [ "h57.6", "v-181.2", "h192" ] ],
    [ "r8:2", "uno:6", "green", [ "h48", "v-104.4", "h220.8" ] ],
    [ "r9:2", "uno:5", "green", [ "h67.2", "v-18", "h201.6" ] ]
  ],
  "dependencies": {}
}