{
  "version": 1,
  "author": "Avriza Aziz",
  "editor": "wokwi",
  "parts": [
    { "type": "wokwi-arduino-uno", "id": "uno", "top": 0, "left": 0, "attrs": {} },
    { "type": "wokwi-led", "id": "led1", "top": -99.6, "left": 13.4, "attrs": { "color": "red" } },
    {
      "type": "wokwi-led",
      "id": "led2",
      "top": -99.6,
      "left": 71,
      "attrs": { "color": "yellow" }
    },
    {
      "type": "wokwi-led",
      "id": "led3",
      "top": -99.6,
      "left": 138.2,
      "attrs": { "color": "limegreen" }
    }
  ],
  "connections": [
    [ "led1:A", "uno:8", "red", [ "v19.2", "h134.4" ] ],
    [ "led2:A", "uno:9", "gold", [ "v9.6", "h48" ] ],
    [ "led3:A", "uno:10", "green", [ "v9.6", "h28.8", "v19.2", "h-48" ] ],
    [ "led1:C", "uno:GND.1", "red", [ "v38.4", "h86.8" ] ],
    [ "led2:C", "uno:GND.1", "gold", [ "v28.8", "h29.2" ] ],
    [ "led3:C", "uno:GND.1", "green", [ "v28.8", "h-38" ] ]
  ],
  "dependencies": {}
}