{
  "version": 1,
  "author": "Avriza Aziz",
  "editor": "wokwi",
  "parts": [
    { "type": "wokwi-arduino-uno", "id": "uno", "top": 0, "left": 0, "attrs": {} },
    {
      "type": "wokwi-led",
      "id": "led1",
      "top": -128.4,
      "left": 61.4,
      "attrs": { "color": "red" }
    },
    {
      "type": "wokwi-led",
      "id": "led2",
      "top": -128.4,
      "left": 128.6,
      "attrs": { "color": "yellow" }
    },
    {
      "type": "wokwi-led",
      "id": "led3",
      "top": -128.4,
      "left": 195.8,
      "attrs": { "color": "limegreen" }
    },
    {
      "type": "wokwi-pushbutton",
      "id": "btn1",
      "top": -22.6,
      "left": 432,
      "attrs": { "color": "green", "bounce": "1" }
    },
    {
      "type": "wokwi-resistor",
      "id": "r1",
      "top": 4.25,
      "left": 325,
      "rotate": 180,
      "attrs": { "value": "1000" }
    }
  ],
  "connections": [
    [ "led2:C", "uno:GND.1", "gold", [ "v0", "h-28.4" ] ],
    [ "led3:C", "uno:GND.1", "green", [ "v48", "h-95.6" ] ],
    [ "led1:C", "uno:GND.1", "red", [ "v28.8", "h38.8" ] ],
    [ "btn1:2.r", "uno:GND.3", "green", [ "h19.4", "v173", "h-259.2" ] ],
    [ "btn1:2.l", "r1:1", "green", [ "h0" ] ],
    [ "r1:2", "uno:GND.1", "green", [ "v-38.4", "h-210", "v38.4" ] ],
    [ "led1:A", "uno:2", "green", [ "v9.6", "h0", "v9.6", "h144" ] ],
    [ "led2:A", "uno:3", "green", [ "v28.8", "h67.2" ] ],
    [ "led3:A", "uno:4", "green", [ "v76.8", "h-9.6" ] ],
    [ "btn1:1.l", "uno:8", "green", [ "h-86.4", "v-38.4", "h-172.8" ] ]
  ],
  "dependencies": {}
}